Transaction_ID,Product_Name
T1,Eggs
T1,Bread
T1,Sugar
T2,Milk
T2,Bread
T2,Sugar
T3,Oil
T4,Eggs
T4,Rice
T4,Butter
T4,Milk
T5,Milk
T5,Eggs
T5,Rice
T6,Bread
T6,Oil
T7,Sugar
T8,Rice
T9,Bread
T9,Oil
T10,Eggs
T10,Rice
T11,Milk
T11,Butter
T12,Milk
T12,Oil
T12,Rice
T12,Butter
T13,Rice
T13,Butter
T13,Oil
T14,Sugar
T15,Dal
T16,Bread
T17,Butter
T18,Eggs
T18,Sugar
T18,Butter
T18,Rice
T19,Sugar
T19,Bread
T19,Dal
T20,Oil
T20,Bread
T20,Dal
T21,Sugar
T21,Bread
T22,Eggs
T22,Bread
T22,Dal
T22,Milk
T23,Butter
T23,Milk
T23,Oil
T24,Eggs
T24,Rice
T25,Sugar
T25,Oil
T25,Butter
T26,Bread
T27,Dal
T27,Eggs
T27,Oil
T28,Sugar
T28,Eggs
T28,Oil
T29,Oil
T30,Oil
T31,Eggs
T31,Dal
T32,Milk
T33,Eggs
T33,Rice
T33,Bread
T34,Oil
T34,Bread
T35,Milk
T35,Bread
T35,Eggs
T35,Butter
T36,Eggs
T36,Bread
T36,Oil
T37,Eggs
T37,Oil
T37,Sugar
T37,Dal
T38,Milk
T38,Oil
T39,Rice
T39,Oil
T39,Eggs
T39,Butter
T40,Bread
T40,Milk
T40,Rice
T40,Butter
T41,Eggs
T42,Oil
T43,Bread
T43,Dal
T43,Oil
T43,Butter
T44,Milk
T44,Dal
T45,Rice
T46,Sugar
T46,Bread
T46,Oil
T46,Eggs
T47,Milk
T47,Dal
T47,Bread
T47,Butter
T48,Sugar
T48,Butter
T48,Eggs
T49,Milk
T50,Rice
T51,Bread
T52,Bread
T52,Eggs
T53,Oil
T54,Milk
T54,Oil
T55,Milk
T55,Oil
T56,Oil
T56,Dal
T57,Eggs
T57,Dal
T57,Milk
T58,Rice
T59,Milk
T59,Bread
T59,Butter
T59,Oil
T60,Oil
T60,Dal
T61,Rice
T61,Dal
T62,Bread
T62,Oil
T63,Eggs
T63,Bread
T63,Rice
T63,Milk
T64,Butter
T64,Bread
T65,Eggs
T65,Oil
T65,Butter
T65,Dal
T66,Rice
T66,Dal
T66,Milk
T66,Sugar
T67,Sugar
T67,Rice
T67,Bread
T68,Eggs
T69,Milk
T70,Dal
T70,Butter
T71,Oil
T72,Rice
T72,Eggs
T72,Sugar
T72,Bread
T73,Milk
T73,Rice
T73,Butter
T74,Sugar
T74,Oil
T74,Milk
T75,Eggs
T76,Butter
T76,Sugar
T76,Oil
T76,Milk
T77,Butter
T77,Bread
T77,Sugar
T78,Milk
T78,Bread
T79,Dal
T79,Sugar
T80,Rice
T80,Milk
T80,Dal
T80,Eggs
T81,Eggs
T82,Rice
T83,Dal
T83,Eggs
T84,Bread
T84,Rice
T84,Milk
T85,Dal
T86,Bread
T86,Butter
T87,Bread
T87,Butter
T87,Sugar
T87,Eggs
T88,Milk
T88,Eggs
T88,Oil
T88,Bread
T89,Bread
T90,Dal
T90,Rice
T90,Bread
T90,Sugar
T91,Eggs
T91,Milk
T91,Dal
T92,Oil
T92,Eggs
T92,Sugar
T93,Rice
T94,Eggs
T94,Sugar
T95,Bread
T95,Butter
T95,Rice
T96,Bread
T97,Dal
T97,Milk
T97,Eggs
T97,Oil
T98,Milk
T98,Eggs
T99,Eggs
T99,Bread
T99,Butter
T99,Rice
T100,Rice
T100,Bread
T101,Butter
T102,Butter
T102,Bread
T102,Milk
T103,Oil
T103,Butter
T103,Sugar
T104,Rice
T104,Sugar
T105,Eggs
T105,Sugar
T105,Oil
T105,Bread
T106,Milk
T106,Rice
T106,Sugar
T106,Butter
T107,Rice
T107,Butter
T108,Eggs
T108,Bread
T108,Dal
T108,Oil
T109,Eggs
T110,Sugar
T110,Rice
T110,Dal
T111,Dal
T111,Butter
T111,Rice
T112,Butter
T112,Dal
T112,Sugar
T113,Dal
T114,Bread
T114,Dal
T114,Sugar
T114,Eggs
T115,Eggs
T116,Eggs
T117,Milk
T118,Oil
T118,Butter
T119,Bread
T120,Sugar
T120,Milk
T120,Dal
T121,Milk
T121,Rice
T122,Butter
T122,Oil
T122,Sugar
T123,Oil
T123,Eggs
T123,Milk
T123,Rice
T124,Rice
T125,Butter
T125,Milk
T126,Bread
T126,Sugar
T126,Eggs
T127,Butter
T127,Dal
T127,Sugar
T127,Milk
T128,Rice
T128,Butter
T128,Milk
T129,Eggs
T130,Dal
T130,Butter
T131,Bread
T132,Bread
T132,Eggs
T133,Milk
T133,Oil
T133,Rice
T134,Sugar
T134,Milk
T134,Butter
T134,Dal
T135,Dal
T135,Bread
T135,Milk
T136,Dal
T136,Bread
T137,Dal
T137,Rice
T138,Oil
T139,Eggs
T139,Oil
T140,Rice
T140,Butter
T140,Sugar
T141,Bread
T141,Eggs
T141,Dal
T141,Milk
T142,Milk
T142,Eggs
T143,Eggs
T143,Bread
T144,Milk
T145,Oil
T145,Dal
T145,Butter
T146,Sugar
T146,Butter
T146,Milk
T147,Eggs
T147,Bread
T148,Dal
T148,Eggs
T148,Rice
T149,Eggs
T149,Sugar
T149,Dal
T149,Bread
T150,Rice
T150,Eggs
T151,Bread
T151,Rice
T152,Dal
T152,Butter
T152,Bread
T153,Dal
T153,Butter
T153,Eggs
T153,Milk
T154,Eggs
T154,Bread
T154,Butter
T155,Butter
T155,Eggs
T155,Rice
T156,Dal
T157,Oil
T157,Dal
T158,Bread
T158,Rice
T158,Dal
T159,Milk
T159,Eggs
T159,Dal
T160,Oil
T160,Milk
T161,Oil
T162,Dal
T163,Dal
T163,Milk
T163,Eggs
T163,Rice
T164,Bread
T164,Milk
T165,Rice
T165,Butter
T165,Bread
T165,Milk
T166,Oil
T166,Milk
T166,Butter
T167,Milk
T168,Oil
T168,Milk
T168,Sugar
T168,Dal
T169,Oil
T169,Butter
T169,Dal
T169,Rice
T170,Milk
T170,Bread
T170,Rice
T170,Butter
T171,Eggs
T172,Dal
T172,Bread
T173,Eggs
T174,Bread
T175,Butter
T176,Oil
T176,Butter
T176,Eggs
T177,Butter
T177,Oil
T178,Dal
T178,Oil
T178,Bread
T178,Butter
T179,Butter
T179,Sugar
T179,Dal
T179,Bread
T180,Rice
T180,Bread
T181,Butter
T181,Bread
T182,Milk
T183,Dal
T183,Rice
T183,Bread
T183,Eggs
T184,Sugar
T184,Dal
T184,Butter
T184,Oil
T185,Eggs
T185,Sugar
T186,Milk
T187,Sugar
T187,Oil
T188,Dal
T189,Dal
T189,Bread
T190,Oil
T190,Butter
T190,Milk
T191,Oil
T192,Butter
T193,Milk
T194,Rice
T194,Bread
T194,Oil
T195,Butter
T195,Eggs
T195,Rice
T195,Dal
T196,Eggs
T196,Butter
T197,Oil
T197,Dal
T197,Sugar
T198,Rice
T198,Butter
T198,Dal
T198,Eggs
T199,Rice
T199,Eggs
T200,Eggs
T201,Butter
T201,Sugar
T202,Dal
T202,Butter
T203,Butter
T203,Eggs
T203,Rice
T203,Sugar
T204,Eggs
T205,Eggs
T205,Butter
T205,Oil
T205,Milk
T206,Milk
T206,Butter
T206,Dal
T206,Eggs
T207,Eggs
T207,Oil
T207,Dal
T207,Sugar
T208,Eggs
T208,Butter
T209,Butter
T209,Oil
T209,Sugar
T210,Oil
T210,Rice
T210,Dal
T211,Dal
T211,Sugar
T211,Bread
T211,Rice
T212,Milk
T212,Sugar
T212,Butter
T213,Eggs
T213,Milk
T214,Sugar
T215,Dal
T215,Bread
T215,Eggs
T215,Butter
T216,Eggs
T216,Oil
T216,Rice
T216,Dal
T217,Butter
T217,Eggs
T218,Dal
T218,Milk
T218,Butter
T219,Oil
T220,Milk
T220,Eggs
T221,Butter
T221,Bread
T221,Eggs
T222,Milk
T222,Sugar
T222,Eggs
T223,Rice
T224,Milk
T224,Eggs
T224,Sugar
T224,Rice
T225,Dal
T225,Milk
T226,Rice
T226,Butter
T226,Bread
T227,Butter
T227,Rice
T227,Sugar
T227,Oil
T228,Eggs
T228,Bread
T228,Butter
T229,Eggs
T229,Rice
T229,Milk
T229,Oil
T230,Bread
T230,Dal
T230,Butter
T230,Rice
T231,Oil
T231,Sugar
T231,Butter
T231,Milk
T232,Oil
T232,Eggs
T232,Milk
T233,Bread
T234,Dal
T234,Milk
T235,Oil
T235,Butter
T236,Dal
T237,Sugar
T238,Bread
T238,Butter
T238,Milk
T238,Dal
T239,Butter
T240,Bread
T240,Sugar
T240,Butter
T240,Milk
T241,Butter
T241,Eggs
T242,Butter
T242,Oil
T243,Bread
T243,Rice
T244,Dal
T244,Milk
T245,Sugar
T245,Butter
T245,Dal
T245,Milk
T246,Bread
T246,Butter
T246,Sugar
T246,Oil
T247,Sugar
T247,Butter
T247,Rice
T248,Sugar
T248,Eggs
T249,Oil
T249,Milk
T249,Rice
T250,Rice
T250,Milk
T251,Eggs
T252,Sugar
T253,Butter
T253,Dal
T253,Oil
T253,Milk
T254,Eggs
T254,Rice
T254,Bread
T254,Milk
T255,Oil
T255,Sugar
T255,Milk
T255,Rice
T256,Oil
T256,Rice
T257,Butter
T257,Milk
T257,Rice
T258,Sugar
T258,Butter
T258,Bread
T258,Milk
T259,Milk
T259,Dal
T259,Oil
T260,Eggs
T260,Sugar
T261,Dal
T261,Milk
T261,Bread
T262,Eggs
T262,Bread
T263,Bread
T263,Butter
T263,Milk
T263,Rice
T264,Bread
T264,Eggs
T264,Dal
T264,Butter
T265,Butter
T265,Eggs
T266,Oil
T266,Milk
T266,Butter
T266,Sugar
T267,Butter
T268,Milk
T269,Rice
T269,Dal
T270,Butter
T270,Rice
T270,Bread
T270,Eggs
T271,Sugar
T271,Eggs
T271,Dal
T271,Bread
T272,Bread
T272,Oil
T273,Bread
T273,Oil
T273,Butter
T273,Dal
T274,Rice
T274,Bread
T274,Eggs
T274,Oil
T275,Sugar
T275,Rice
T275,Oil
T275,Butter
T276,Butter
T277,Milk
T277,Dal
T277,Rice
T278,Bread
T278,Eggs
T279,Oil
T279,Rice
T280,Milk
T280,Oil
T281,Oil
T281,Sugar
T282,Eggs
T282,Rice
T282,Oil
T283,Eggs
T283,Butter
T283,Oil
T284,Eggs
T285,Eggs
T285,Butter
T286,Dal
T286,Bread
T286,Butter
T287,Sugar
T288,Oil
T288,Butter
T288,Sugar
T288,Dal
T289,Milk
T289,Sugar
T290,Oil
T290,Milk
T291,Sugar
T291,Dal
T291,Milk
T291,Eggs
T292,Milk
T292,Rice
T293,Dal
T293,Rice
T294,Rice
T294,Eggs
T294,Bread
T294,Dal
T295,Butter
T295,Oil
T296,Bread
T297,Milk
T297,Oil
T297,Dal
T298,Rice
T298,Butter
T299,Oil
T299,Eggs
T299,Bread
T299,Butter
T300,Bread
T300,Butter
T300,Eggs
T300,Dal
T301,Oil
T302,Rice
T302,Eggs
T303,Bread
T304,Butter
T305,Butter
T305,Dal
T305,Oil
T305,Milk
T306,Milk
T307,Milk
T307,Rice
T307,Bread
T308,Dal
T308,Eggs
T308,Sugar
T308,Rice
T309,Eggs
T309,Dal
T310,Eggs
T310,Dal
T311,Oil
T311,Bread
T311,Eggs
T311,Sugar
T312,Bread
T312,Sugar
T312,Butter
T312,Dal
T313,Rice
T313,Milk
T314,Bread
T315,Sugar
T315,Butter
T315,Oil
T316,Dal
T316,Butter
T316,Milk
T316,Oil
T317,Butter
T317,Sugar
T317,Bread
T318,Butter
T318,Sugar
T318,Rice
T319,Eggs
T320,Milk
T321,Dal
T321,Eggs
T322,Rice
T322,Butter
T322,Oil
T322,Milk
T323,Sugar
T324,Oil
T324,Milk
T324,Rice
T324,Dal
T325,Bread
T326,Butter
T326,Sugar
T326,Bread
T326,Milk
T327,Rice
T327,Milk
T328,Milk
T329,Rice
T329,Sugar
T330,Sugar
T330,Milk
T330,Eggs
T331,Rice
T331,Eggs
T331,Sugar
T331,Dal
T332,Sugar
T332,Eggs
T333,Rice
T333,Butter
T333,Bread
T334,Rice
T334,Dal
T334,Sugar
T335,Milk
T335,Sugar
T335,Eggs
T336,Sugar
T337,Oil
T338,Eggs
T339,Rice
T339,Eggs
T339,Dal
T340,Milk
T341,Dal
T342,Dal
T342,Rice
T342,Milk
T342,Butter
T343,Dal
T343,Oil
T343,Sugar
T343,Bread
T344,Rice
T344,Eggs
T344,Butter
T344,Sugar
T345,Milk
T345,Dal
T345,Butter
T346,Milk
T347,Milk
T348,Bread
T348,Milk
T349,Dal
T349,Butter
T349,Oil
T350,Milk
T350,Bread
T350,Butter
T350,Sugar
T351,Rice
T351,Sugar
T352,Dal
T352,Rice
T352,Butter
T352,Oil
T353,Butter
T353,Eggs
T354,Sugar
T354,Butter
T355,Eggs
T355,Milk
T355,Oil
T356,Oil
T356,Butter
T357,Dal
T357,Oil
T357,Rice
T358,Milk
T358,Eggs
T358,Oil
T358,Dal
T359,Eggs
T359,Dal
T360,Rice
T360,Milk
T360,Oil
T361,Butter
T361,Bread
T362,Bread
T363,Rice
T364,Bread
T364,Rice
T364,Eggs
T364,Sugar
T365,Milk
T365,Sugar
T366,Butter
T367,Dal
T367,Butter
T367,Eggs
T368,Eggs
T368,Dal
T368,Butter
T369,Eggs
T370,Rice
T370,Bread
T370,Eggs
T370,Sugar
T371,Milk
T371,Butter
T371,Rice
T371,Eggs
T372,Sugar
T372,Milk
T372,Eggs
T372,Bread
T373,Dal
T374,Milk
T374,Dal
T375,Rice
T375,Butter
T375,Dal
T376,Butter
T377,Bread
T378,Milk
T378,Rice
T379,Rice
T379,Eggs
T379,Sugar
T380,Bread
T380,Rice
T381,Sugar
T382,Milk
T382,Sugar
T382,Bread
T382,Butter
T383,Bread
T383,Oil
T383,Eggs
T384,Rice
T385,Sugar
T386,Milk
T387,Bread
T387,Milk
T387,Oil
T388,Milk
T388,Dal
T389,Oil
T389,Eggs
T389,Rice
T389,Bread
T390,Oil
T390,Rice
T390,Eggs
T391,Rice
T392,Dal
T392,Butter
T392,Eggs
T392,Milk
T393,Butter
T393,Milk
T393,Oil
T393,Sugar
T394,Oil
T394,Eggs
T394,Rice
T394,Dal
T395,Rice
T395,Oil
T395,Butter
T395,Sugar
T396,Butter
T396,Dal
T396,Bread
T396,Eggs
T397,Oil
T397,Bread
T398,Milk
T399,Butter
T399,Bread
T400,Sugar
T400,Milk
T401,Bread
T401,Sugar
T401,Eggs
T402,Dal
T402,Bread
T402,Milk
T402,Oil
T403,Sugar
T403,Eggs
T403,Bread
T404,Sugar
T404,Bread
T404,Butter
T404,Rice
T405,Oil
T405,Dal
T405,Sugar
T405,Milk
T406,Oil
T406,Dal
T406,Milk
T406,Bread
T407,Eggs
T408,Dal
T408,Rice
T408,Oil
T408,Bread
T409,Dal
T409,Oil
T409,Bread
T409,Milk
T410,Rice
T410,Milk
T410,Eggs
T411,Milk
T411,Rice
T412,Bread
T412,Sugar
T412,Rice
T412,Butter
T413,Butter
T413,Milk
T413,Bread
T413,Dal
T414,Milk
T414,Oil
T414,Eggs
T414,Rice
T415,Oil
T415,Dal
T415,Butter
T415,Bread
T416,Milk
T416,Eggs
T417,Oil
T418,Oil
T419,Bread
T420,Bread
T420,Milk
T420,Oil
T421,Butter
T421,Rice
T422,Dal
T422,Butter
T422,Sugar
T423,Milk
T424,Rice
T424,Bread
T424,Sugar
T425,Rice
T425,Milk
T425,Eggs
T425,Butter
T426,Butter
T426,Oil
T426,Eggs
T427,Oil
T427,Bread
T428,Eggs
T428,Rice
T428,Sugar
T428,Bread
T429,Eggs
T429,Milk
T429,Oil
T429,Sugar
T430,Rice
T430,Bread
T431,Oil
T431,Butter
T431,Milk
T431,Eggs
T432,Butter
T432,Oil
T432,Sugar
T432,Dal
T433,Rice
T433,Milk
T433,Dal
T433,Sugar
T434,Milk
T435,Oil
T436,Rice
T436,Dal
T436,Butter
T436,Bread
T437,Eggs
T437,Rice
T437,Dal
T438,Eggs
T438,Oil
T439,Rice
T440,Butter
T441,Milk
T441,Bread
T441,Eggs
T441,Butter
T442,Sugar
T442,Milk
T443,Milk
T444,Rice
T444,Milk
T445,Sugar
T446,Oil
T447,Eggs
T447,Oil
T447,Bread
T448,Sugar
T448,Eggs
T448,Milk
T449,Sugar
T450,Dal
T450,Milk
T451,Eggs
T451,Bread
T451,Oil
T451,Rice
T452,Milk
T452,Butter
T452,Sugar
T452,Bread
T453,Butter
T453,Sugar
T454,Rice
T455,Butter
T455,Milk
T455,Eggs
T455,Oil
T456,Oil
T457,Bread
T457,Eggs
T458,Butter
T458,Oil
T458,Milk
T458,Dal
T459,Sugar
T459,Rice
T460,Rice
T460,Oil
T460,Milk
T461,Dal
T461,Butter
T461,Eggs
T461,Rice
T462,Dal
T462,Sugar
T462,Oil
T463,Eggs
T463,Butter
T463,Bread
T463,Rice
T464,Butter
T464,Eggs
T464,Bread
T465,Rice
T465,Bread
T465,Oil
T466,Oil
T466,Sugar
T466,Milk
T467,Bread
T467,Sugar
T468,Bread
T468,Oil
T469,Butter
T469,Eggs
T469,Sugar
T470,Milk
T470,Sugar
T470,Oil
T471,Eggs
T471,Milk
T472,Oil
T472,Eggs
T473,Dal
T473,Eggs
T474,Oil
T474,Bread
T475,Bread
T475,Oil
T475,Butter
T476,Rice
T476,Bread
T476,Milk
T476,Dal
T477,Sugar
T478,Oil
T478,Bread
T478,Butter
T479,Rice
T479,Sugar
T479,Dal
T479,Butter
T480,Sugar
T480,Rice
T480,Bread
T480,Dal
T481,Butter
T481,Dal
T481,Milk
T482,Bread
T482,Sugar
T482,Butter
T482,Milk
T483,Sugar
T484,Butter
T484,Eggs
T484,Rice
T484,Bread
T485,Sugar
T486,Bread
T486,Butter
T487,Oil
T487,Bread
T487,Rice
T487,Milk
T488,Dal
T488,Butter
T488,Sugar
T488,Oil
T489,Dal
T489,Rice
T490,Oil
T490,Butter
T490,Sugar
T491,Oil
T492,Rice
T492,Dal
T492,Sugar
T492,Bread
T493,Sugar
T493,Oil
T493,Eggs
T493,Bread
T494,Oil
T495,Bread
T496,Sugar
T496,Bread
T496,Rice
T497,Dal
T497,Bread
T497,Eggs
T498,Rice
T498,Bread
T498,Milk
T498,Dal
T499,Eggs
T500,Eggs
T500,Dal
T501,Oil
T501,Rice
T502,Rice
T502,Oil
T502,Bread
T503,Dal
T503,Rice
T503,Sugar
T504,Dal
T504,Milk
T504,Butter
T505,Oil
T506,Butter
T506,Eggs
T507,Dal
T507,Sugar
T507,Bread
T507,Butter
T508,Rice
T509,Eggs
T509,Butter
T509,Milk
T510,Oil
T510,Milk
T511,Oil
T511,Sugar
T511,Bread
T511,Eggs
T512,Oil
T513,Bread
T513,Rice
T513,Milk
T513,Sugar
T514,Milk
T514,Butter
T514,Sugar
T515,Oil
T515,Bread
T515,Dal
T516,Eggs
T516,Rice
T516,Milk
T516,Butter
T517,Dal
T517,Eggs
T517,Rice
T517,Sugar
T518,Eggs
T518,Milk
T518,Butter
T519,Dal
T519,Milk
T519,Sugar
T519,Oil
T520,Dal
T520,Rice
T520,Milk
T521,Butter
T521,Sugar
T522,Butter
T523,Bread
T523,Rice
T523,Butter
T523,Milk
T524,Bread
T524,Milk
T525,Sugar
T525,Butter
T526,Bread
T526,Milk
T526,Sugar
T527,Dal
T527,Milk
T527,Bread
T527,Sugar
T528,Sugar
T528,Butter
T528,Bread
T528,Dal
T529,Dal
T529,Butter
T530,Sugar
T530,Butter
T530,Rice
T530,Bread
T531,Dal
T531,Butter
T531,Milk
T531,Sugar
T532,Bread
T532,Dal
T532,Milk
T532,Butter
T533,Rice
T533,Butter
T533,Oil
T533,Eggs
T534,Eggs
T534,Milk
T534,Butter
T535,Butter
T535,Oil
T535,Eggs
T536,Dal
T536,Oil
T536,Bread
T537,Eggs
T537,Milk
T537,Butter
T538,Bread
T538,Milk
T538,Sugar
T539,Rice
T539,Bread
T539,Eggs
T539,Butter
T540,Bread
T540,Dal
T540,Milk
T540,Oil
T541,Dal
T541,Milk
T541,Rice
T542,Rice
T542,Milk
T543,Butter
T543,Dal
T543,Bread
T543,Oil
T544,Bread
T544,Oil
T545,Bread
T546,Oil
T547,Milk
T547,Bread
T547,Eggs
T547,Oil
T548,Sugar
T548,Dal
T548,Rice
T548,Milk
T549,Sugar
T549,Rice
T550,Sugar
T550,Milk
T551,Dal
T551,Oil
T551,Milk
T551,Bread
T552,Dal
T553,Sugar
T554,Milk
T555,Milk
T555,Rice
T555,Oil
T555,Dal
T556,Bread
T557,Rice
T557,Milk
T557,Butter
T557,Oil
T558,Butter
T558,Bread
T558,Oil
T559,Oil
T560,Rice
T561,Dal
T561,Bread
T561,Oil
T562,Sugar
T562,Butter
T562,Oil
T562,Milk
T563,Sugar
T563,Butter
T564,Sugar
T564,Bread
T565,Bread
T565,Sugar
T565,Dal
T566,Oil
T566,Bread
T566,Sugar
T566,Butter
T567,Eggs
T568,Eggs
T569,Bread
T569,Oil
T570,Milk
T571,Bread
T572,Sugar
T573,Milk
T573,Rice
T574,Bread
T575,Butter
T576,Rice
T576,Dal
T577,Dal
T577,Sugar
T578,Butter
T578,Eggs
T578,Bread
T578,Milk
T579,Bread
T579,Butter
T580,Oil
T580,Sugar
T580,Milk
T580,Butter
T581,Rice
T581,Dal
T581,Oil
T582,Dal
T582,Butter
T582,Bread
T582,Rice
T583,Bread
T583,Oil
T583,Butter
T583,Eggs
T584,Bread
T584,Oil
T584,Sugar
T584,Dal
T585,Bread
T586,Eggs
T587,Oil
T587,Rice
T587,Milk
T588,Butter
T589,Eggs
T590,Butter
T590,Bread
T591,Bread
T591,Sugar
T591,Milk
T591,Oil
T592,Bread
T592,Oil
T592,Rice
T593,Rice
T594,Butter
T594,Oil
T594,Dal
T594,Bread
T595,Rice
T595,Dal
T596,Milk
T596,Rice
T597,Bread
T598,Dal
T598,Butter
T598,Sugar
T598,Bread
T599,Butter
T599,Bread
T599,Oil
T599,Rice
T600,Sugar
T600,Butter
T601,Milk
T601,Rice
T601,Dal
T602,Dal
T602,Sugar
T602,Milk
T602,Bread
T603,Milk
T603,Rice
T603,Dal
T604,Bread
T604,Dal
T604,Eggs
T604,Oil
T605,Dal
T605,Rice
T605,Milk
T605,Butter
T606,Butter
T606,Milk
T607,Milk
T608,Bread
T609,Eggs
T609,Butter
T610,Butter
T610,Bread
T610,Sugar
T610,Dal
T611,Sugar
T611,Dal
T611,Butter
T612,Milk
T613,Dal
T614,Dal
T614,Eggs
T614,Sugar
T615,Rice
T615,Eggs
T616,Sugar
T616,Milk
T616,Bread
T617,Butter
T617,Rice
T617,Sugar
T618,Rice
T618,Sugar
T618,Oil
T619,Oil
T620,Eggs
T620,Dal
T620,Sugar
T620,Milk
T621,Eggs
T621,Sugar
T621,Milk
T621,Bread
T622,Oil
T622,Sugar
T622,Butter
T622,Milk
T623,Butter
T624,Sugar
T624,Rice
T625,Dal
T626,Rice
T626,Milk
T626,Bread
T627,Eggs
T627,Bread
T627,Rice
T628,Bread
T628,Butter
T629,Oil
T629,Eggs
T630,Butter
T630,Dal
T631,Eggs
T631,Oil
T631,Bread
T632,Bread
T633,Bread
T633,Oil
T634,Oil
T634,Butter
T634,Dal
T635,Dal
T635,Eggs
T635,Rice
T636,Bread
T637,Bread
T638,Oil
T638,Rice
T638,Milk
T639,Eggs
T639,Butter
T639,Oil
T640,Eggs
T641,Dal
T642,Bread
T642,Milk
T643,Eggs
T643,Oil
T644,Dal
T644,Butter
T645,Rice
T645,Sugar
T645,Eggs
T646,Sugar
T646,Butter
T646,Eggs
T647,Eggs
T648,Eggs
T648,Dal
T648,Bread
T648,Butter
T649,Rice
T649,Sugar
T649,Bread
T650,Eggs
T650,Bread
T650,Milk
T651,Oil
T651,Rice
T652,Rice
T653,Butter
T654,Dal
T654,Sugar
T654,Milk
T654,Oil
T655,Oil
T655,Milk
T655,Butter
T655,Rice
T656,Eggs
T656,Bread
T656,Milk
T657,Milk
T657,Sugar
T657,Bread
T657,Oil
T658,Dal
T659,Butter
T659,Bread
T659,Oil
T659,Dal
T660,Eggs
T660,Butter
T661,Bread
T662,Eggs
T662,Rice
T662,Butter
T662,Oil
T663,Bread
T664,Butter
T664,Rice
T665,Oil
T665,Eggs
T666,Sugar
T666,Bread
T666,Butter
T666,Eggs
T667,Oil
T668,Sugar
T669,Rice
T670,Milk
T670,Dal
T670,Sugar
T671,Butter
T671,Eggs
T672,Sugar
T672,Milk
T672,Eggs
T673,Oil
T673,Milk
T673,Dal
T674,Dal
T675,Dal
T675,Butter
T675,Rice
T675,Bread
T676,Milk
T676,Eggs
T677,Sugar
T677,Butter
T677,Oil
T677,Milk
T678,Dal
T678,Oil
T679,Dal
T679,Milk
T679,Eggs
T679,Bread
T680,Eggs
T680,Oil
T680,Dal
T681,Rice
T681,Dal
T682,Bread
T682,Sugar
T682,Milk
T683,Oil
T683,Butter
T683,Milk
T683,Sugar
T684,Sugar
T685,Sugar
T685,Rice
T685,Eggs
T685,Milk
T686,Rice
T686,Bread
T686,Dal
T687,Butter
T687,Dal
T687,Eggs
T688,Butter
T688,Oil
T688,Bread
T689,Bread
T690,Milk
T691,Oil
T691,Dal
T692,Milk
T692,Oil
T693,Sugar
T693,Eggs
T694,Bread
T694,Milk
T694,Eggs
T695,Oil
T696,Rice
T696,Sugar
T696,Dal
T696,Eggs
T697,Eggs
T698,Dal
T698,Eggs
T698,Bread
T698,Rice
T699,Butter
T699,Sugar
T699,Dal
T700,Dal
T701,Dal
T702,Bread
T702,Rice
T703,Oil
T704,Dal
T704,Butter
T704,Milk
T705,Butter
T705,Sugar
T705,Bread
T706,Oil
T706,Butter
T706,Milk
T706,Rice
T707,Rice
T707,Bread
T707,Sugar
T707,Oil
T708,Bread
T708,Rice
T709,Milk
T709,Eggs
T710,Milk
T710,Bread
T710,Oil
T710,Eggs
T711,Milk
T711,Oil
T711,Dal
T712,Sugar
T713,Rice
T714,Butter
T714,Sugar
T714,Oil
T715,Butter
T715,Bread
T715,Sugar
T715,Milk
T716,Dal
T716,Eggs
T717,Rice
T717,Milk
T718,Bread
T719,Oil
T719,Milk
T720,Eggs
T720,Oil
T720,Rice
T720,Dal
T721,Oil
T721,Eggs
T721,Dal
T722,Rice
T722,Bread
T722,Eggs
T723,Eggs
T723,Sugar
T724,Rice
T724,Oil
T724,Milk
T725,Sugar
T725,Butter
T725,Bread
T725,Rice
T726,Milk
T727,Bread
T727,Butter
T727,Oil
T727,Dal
T728,Dal
T728,Milk
T728,Rice
T729,Bread
T729,Milk
T730,Sugar
T730,Dal
T730,Butter
T731,Bread
T731,Sugar
T731,Dal
T732,Bread
T733,Oil
T733,Dal
T734,Butter
T734,Oil
T734,Milk
T734,Dal
T735,Eggs
T736,Dal
T736,Sugar
T736,Milk
T737,Oil
T737,Dal
T737,Milk
T737,Sugar
T738,Butter
T738,Milk
T738,Sugar
T739,Bread
T739,Butter
T740,Oil
T740,Milk
T741,Bread
T742,Oil
T742,Eggs
T743,Oil
T744,Oil
T744,Rice
T745,Eggs
T745,Milk
T745,Oil
T746,Rice
T746,Dal
T746,Butter
T746,Milk
T747,Milk
T748,Butter
T748,Sugar
T748,Rice
T748,Dal
T749,Bread
T749,Milk
T750,Dal
T750,Bread
T750,Sugar
T751,Sugar
T752,Sugar
T752,Rice
T752,Bread
T752,Eggs
T753,Milk
T754,Milk
T754,Butter
T755,Eggs
T755,Sugar
T755,Bread
T755,Milk
T756,Sugar
T756,Milk
T756,Butter
T756,Bread
T757,Rice
T757,Bread
T757,Eggs
T757,Butter
T758,Oil
T758,Milk
T759,Milk
T759,Rice
T759,Butter
T759,Dal
T760,Bread
T760,Butter
T760,Rice
T761,Rice
T761,Butter
T761,Sugar
T762,Sugar
T762,Eggs
T763,Rice
T763,Bread
T764,Sugar
T764,Butter
T764,Dal
T764,Milk
T765,Bread
T765,Oil
T765,Milk
T765,Butter
T766,Sugar
T766,Oil
T766,Eggs
T766,Milk
T767,Dal
T768,Milk
T769,Butter
T770,Milk
T770,Eggs
T770,Butter
T770,Dal
T771,Oil
T772,Eggs
T772,Oil
T772,Sugar
T773,Bread
T774,Milk
T774,Eggs
T774,Butter
T775,Butter
T775,Rice
T775,Dal
T775,Milk
T776,Eggs
T776,Rice
T777,Dal
T777,Milk
T778,Rice
T779,Dal
T779,Oil
T779,Rice
T780,Butter
T780,Dal
T780,Rice
T780,Milk
T781,Bread
T781,Sugar
T782,Sugar
T782,Rice
T782,Milk
T782,Eggs
T783,Butter
T783,Bread
T783,Oil
T783,Rice
T784,Rice
T784,Sugar
T784,Bread
T784,Oil
T785,Oil
T786,Bread
T786,Dal
T787,Milk
T787,Eggs
T787,Rice
T787,Dal
T788,Dal
T788,Butter
T789,Bread
T789,Dal
T789,Butter
T789,Oil
T790,Oil
T790,Eggs
T790,Milk
T791,Butter
T791,Milk
T791,Rice
T792,Butter
T792,Oil
T792,Rice
T793,Butter
T793,Sugar
T794,Milk
T794,Sugar
T795,Sugar
T796,Sugar
T796,Bread
T797,Eggs
T798,Eggs
T798,Oil
T799,Oil
T800,Milk
T801,Rice
T801,Sugar
T801,Oil
T801,Bread
T802,Eggs
T802,Butter
T803,Rice
T803,Butter
T804,Oil
T804,Milk
T804,Butter
T805,Dal
T806,Oil
T806,Sugar
T806,Milk
T806,Bread
T807,Eggs
T807,Dal
T807,Milk
T808,Sugar
T809,Sugar
T810,Oil
T811,Sugar
T811,Oil
T811,Rice
T812,Rice
T812,Milk
T812,Sugar
T813,Milk
T813,Sugar
T813,Dal
T814,Bread
T815,Oil
T816,Dal
T816,Butter
T817,Butter
T818,Bread
T818,Dal
T819,Butter
T819,Milk
T819,Sugar
T820,Eggs
T820,Rice
T820,Dal
T821,Rice
T821,Sugar
T821,Oil
T822,Bread
T822,Milk
T823,Butter
T823,Bread
T823,Oil
T823,Dal
T824,Bread
T824,Butter
T825,Eggs
T825,Butter
T826,Milk
T826,Bread
T827,Rice
T827,Butter
T827,Milk
T827,Bread
T828,Dal
T828,Bread
T828,Oil
T829,Sugar
T829,Oil
T829,Eggs
T829,Milk
T830,Dal
T830,Rice
T830,Milk
T831,Eggs
T832,Dal
T833,Oil
T833,Rice
T834,Eggs
T834,Milk
T835,Bread
T836,Oil
T836,Butter
T836,Bread
T836,Dal
T837,Dal
T837,Butter
T837,Milk
T838,Oil
T838,Dal
T838,Rice
T838,Eggs
T839,Eggs
T840,Rice
T840,Oil
T840,Bread
T840,Dal
T841,Rice
T841,Sugar
T841,Dal
T841,Oil
T842,Oil
T842,Dal
T843,Butter
T843,Dal
T843,Milk
T843,Oil
T844,Rice
T844,Eggs
T845,Dal
T845,Oil
T846,Butter
T847,Oil
T847,Butter
T847,Rice
T848,Milk
T848,Eggs
T849,Rice
T849,Bread
T849,Milk
T850,Rice
T850,Bread
T850,Sugar
T851,Sugar
T852,Butter
T852,Rice
T852,Milk
T853,Oil
T854,Sugar
T855,Eggs
T855,Rice
T855,Oil
T856,Milk
T856,Dal
T857,Bread
T858,Bread
T858,Milk
T858,Oil
T859,Butter
T859,Oil
T859,Rice
T859,Eggs
T860,Rice
T860,Eggs
T860,Butter
T861,Oil
T861,Eggs
T862,Bread
T862,Butter
T862,Dal
T862,Eggs
T863,Milk
T864,Butter
T864,Bread
T864,Dal
T864,Rice
T865,Sugar
T866,Bread
T866,Eggs
T867,Milk
T867,Eggs
T867,Rice
T867,Dal
T868,Dal
T868,Butter
T868,Oil
T869,Dal
T869,Butter
T869,Oil
T870,Rice
T870,Bread
T871,Rice
T871,Sugar
T871,Dal
T871,Eggs
T872,Rice
T873,Rice
T873,Dal
T873,Oil
T874,Sugar
T874,Oil
T875,Butter
T875,Eggs
T876,Dal
T876,Oil
T877,Milk
T878,Milk
T879,Rice
T879,Bread
T880,Sugar
T881,Sugar
T881,Bread
T881,Milk
T881,Dal
T882,Bread
T882,Rice
T882,Milk
T883,Rice
T883,Bread
T883,Butter
T884,Milk
T884,Butter
T884,Eggs
T885,Bread
T885,Dal
T885,Butter
T885,Oil
T886,Bread
T887,Rice
T888,Sugar
T888,Bread
T888,Rice
T889,Dal
T889,Oil
T889,Bread
T890,Butter
T890,Bread
T890,Oil
T890,Milk
T891,Dal
T892,Bread
T893,Bread
T893,Rice
T893,Milk
T894,Bread
T894,Dal
T894,Oil
T894,Milk
T895,Bread
T896,Milk
T897,Sugar
T897,Butter
T897,Milk
T897,Dal
T898,Bread
T898,Milk
T898,Oil
T898,Sugar
T899,Milk
T899,Dal
T900,Eggs
T900,Oil
T900,Milk
T901,Eggs
T901,Oil
T901,Sugar
T901,Bread
T902,Sugar
T902,Eggs
T902,Bread
T903,Sugar
T903,Eggs
T904,Dal
T904,Rice
T904,Bread
T904,Sugar
T905,Bread
T906,Eggs
T906,Sugar
T907,Butter
T907,Eggs
T908,Butter
T908,Oil
T908,Eggs
T909,Butter
T909,Bread
T909,Rice
T909,Milk
T910,Oil
T910,Eggs
T910,Dal
T910,Butter
T911,Oil
T911,Butter
T911,Rice
T911,Eggs
T912,Dal
T913,Butter
T913,Eggs
T913,Milk
T913,Dal
T914,Eggs
T914,Sugar
T914,Rice
T914,Milk
T915,Oil
T915,Rice
T916,Eggs
T916,Milk
T916,Butter
T916,Sugar
T917,Rice
T917,Oil
T917,Butter
T918,Bread
T918,Sugar
T918,Oil
T919,Eggs
T919,Rice
T919,Oil
T919,Butter
T920,Rice
T920,Milk
T920,Oil
T921,Sugar
T921,Dal
T921,Rice
T922,Oil
T923,Rice
T923,Dal
T924,Butter
T924,Dal
T924,Oil
T924,Bread
T925,Butter
T925,Dal
T925,Bread
T926,Eggs
T926,Milk
T926,Butter
T927,Butter
T927,Eggs
T928,Sugar
T928,Oil
T929,Milk
T930,Eggs
T931,Sugar
T931,Butter
T931,Bread
T932,Dal
T932,Sugar
T933,Eggs
T933,Milk
T933,Dal
T934,Butter
T934,Milk
T935,Sugar
T936,Sugar
T936,Bread
T936,Milk
T937,Dal
T937,Rice
T938,Sugar
T939,Rice
T939,Sugar
T939,Oil
T939,Butter
T940,Bread
T940,Oil
T941,Sugar
T941,Eggs
T942,Eggs
T942,Milk
T942,Oil
T943,Butter
T943,Bread
T943,Sugar
T943,Oil
T944,Eggs
T944,Sugar
T945,Bread
T945,Rice
T945,Dal
T945,Milk
T946,Dal
T946,Milk
T946,Rice
T946,Oil
T947,Sugar
T947,Milk
T948,Milk
T948,Sugar
T948,Dal
T949,Bread
T949,Eggs
T950,Milk
T950,Oil
T951,Sugar
T951,Bread
T951,Oil
T951,Eggs
T952,Dal
T953,Milk
T953,Rice
T953,Butter
T954,Sugar
T954,Milk
T954,Butter
T954,Bread
T955,Rice
T955,Butter
T956,Dal
T956,Milk
T956,Bread
T957,Eggs
T957,Dal
T957,Rice
T958,Milk
T958,Sugar
T958,Butter
T959,Eggs
T959,Oil
T959,Butter
T960,Sugar
T961,Rice
T961,Bread
T961,Butter
T961,Milk
T962,Oil
T963,Eggs
T963,Milk
T964,Sugar
T965,Bread
T966,Butter
T967,Oil
T967,Bread
T967,Dal
T968,Sugar
T968,Rice
T968,Eggs
T969,Eggs
T970,Oil
T970,Rice
T970,Butter
T971,Bread
T971,Butter
T971,Sugar
T971,Rice
T972,Eggs
T973,Rice
T974,Sugar
T974,Butter
T975,Bread
T975,Butter
T975,Dal
T976,Rice
T977,Sugar
T977,Butter
T977,Rice
T977,Oil
T978,Rice
T978,Milk
T978,Dal
T978,Bread
T979,Oil
T980,Dal
T981,Milk
T981,Dal
T982,Milk
T982,Bread
T982,Eggs
T982,Dal
T983,Bread
T983,Oil
T983,Rice
T984,Oil
T984,Butter
T984,Bread
T985,Eggs
T986,Sugar
T986,Eggs
T986,Oil
T986,Butter
T987,Oil
T987,Eggs
T987,Sugar
T988,Dal
T988,Bread
T989,Oil
T989,Milk
T989,Sugar
T989,Dal
T990,Butter
T990,Eggs
T991,Oil
T991,Milk
T991,Bread
T991,Dal
T992,Sugar
T992,Dal
T992,Bread
T993,Bread
T993,Milk
T993,Butter
T994,Oil
T995,Butter
T996,Butter
T997,Bread
T997,Milk
T997,Dal
T997,Rice
T998,Milk
T998,Rice
T998,Butter
T998,Oil
T999,Milk
T999,Oil
T999,Eggs
T1000,Eggs
T1000,Dal
T1000,Butter
T1001,Butter
T1001,Rice
T1001,Bread
T1001,Eggs
T1002,Butter
T1002,Rice
T1002,Eggs
T1003,Sugar
T1003,Rice
T1003,Dal
T1004,Rice
T1004,Dal
T1004,Eggs
T1005,Rice
T1005,Butter
T1006,Dal
T1007,Milk
T1007,Sugar
T1008,Bread
T1008,Dal
T1009,Rice
T1010,Eggs
T1010,Oil
T1010,Milk
T1011,Eggs
T1011,Dal
T1011,Oil
T1012,Sugar
T1012,Milk
T1012,Butter
T1012,Rice
T1013,Oil
T1013,Butter
T1013,Sugar
T1013,Rice
T1014,Oil
T1014,Rice
T1014,Milk
T1014,Dal
T1015,Eggs
T1015,Dal
T1015,Rice
T1015,Butter
T1016,Butter
T1017,Milk
T1017,Eggs
T1018,Rice
T1018,Oil
T1019,Eggs
T1020,Milk
T1020,Bread
T1021,Bread
T1021,Oil
T1021,Rice
T1021,Dal
T1022,Eggs
T1022,Oil
T1022,Bread
T1023,Eggs
T1024,Dal
T1024,Eggs
T1025,Bread
T1025,Eggs
T1026,Sugar
T1027,Bread
T1028,Milk
T1029,Sugar
T1029,Oil
T1029,Butter
T1029,Eggs
T1030,Milk
T1030,Sugar
T1030,Bread
T1031,Milk
T1032,Rice
T1033,Eggs
T1033,Milk
T1033,Dal
T1034,Milk
T1035,Eggs
T1035,Butter
T1035,Sugar
T1036,Eggs
T1037,Butter
T1037,Milk
T1037,Dal
T1038,Butter
T1038,Dal
T1038,Rice
T1039,Sugar
T1039,Dal
T1039,Milk
T1040,Milk
T1041,Rice
T1041,Bread
T1042,Oil
T1042,Sugar
T1042,Milk
T1043,Butter
T1043,Oil
T1043,Bread
T1044,Oil
T1044,Sugar
T1045,Eggs
T1046,Dal
T1047,Rice
T1048,Rice
T1048,Bread
T1049,Eggs
T1049,Dal
T1049,Butter
T1049,Milk
T1050,Sugar
T1051,Rice
T1051,Dal
T1051,Sugar
T1051,Butter
T1052,Sugar
T1053,Bread
T1053,Butter
T1053,Sugar
T1053,Eggs
T1054,Sugar
T1054,Rice
T1055,Sugar
T1056,Bread
T1057,Oil
T1057,Sugar
T1057,Eggs
T1058,Rice
T1058,Milk
T1058,Butter
T1059,Oil
T1060,Eggs
T1060,Oil
T1060,Butter
T1060,Bread
T1061,Butter
T1061,Sugar
T1061,Rice
T1062,Milk
T1062,Butter
T1062,Eggs
T1062,Sugar
T1063,Rice
T1063,Sugar
T1064,Eggs
T1064,Rice
T1064,Oil
T1064,Milk
T1065,Sugar
T1066,Milk
T1066,Butter
T1066,Bread
T1066,Oil
T1067,Oil
T1067,Butter
T1067,Eggs
T1067,Milk
T1068,Milk
T1069,Bread
T1069,Eggs
T1070,Milk
T1071,Eggs
T1071,Dal
T1071,Rice
T1072,Eggs
T1073,Dal
T1073,Milk
T1073,Butter
T1074,Milk
T1074,Oil
T1075,Dal
T1076,Sugar
T1076,Rice
T1076,Oil
T1077,Eggs
T1078,Sugar
T1078,Eggs
T1078,Dal
T1078,Rice
T1079,Rice
T1080,Rice
T1080,Sugar
T1080,Milk
T1080,Butter
T1081,Rice
T1081,Dal
T1081,Eggs
T1081,Milk
T1082,Butter
T1082,Rice
T1082,Eggs
T1082,Oil
T1083,Milk
T1083,Butter
T1084,Butter
T1084,Dal
T1085,Rice
T1085,Dal
T1085,Bread
T1085,Milk
T1086,Butter
T1086,Oil
T1086,Sugar
T1086,Eggs
T1087,Butter
T1087,Rice
T1088,Eggs
T1089,Rice
T1090,Sugar
T1091,Rice
T1091,Dal
T1092,Butter
T1092,Sugar
T1092,Eggs
T1093,Sugar
T1094,Oil
T1095,Rice
T1095,Butter
T1095,Dal
T1095,Sugar
T1096,Milk
T1096,Dal
T1097,Sugar
T1097,Milk
T1097,Oil
T1098,Milk
T1099,Bread
T1099,Oil
T1099,Rice
T1099,Milk
T1100,Sugar
T1101,Sugar
T1101,Milk
T1102,Sugar
T1102,Bread
T1102,Rice
T1103,Bread
T1103,Rice
T1104,Sugar
T1105,Rice
T1105,Eggs
T1105,Sugar
T1106,Rice
T1106,Bread
T1106,Oil
T1106,Sugar
T1107,Milk
T1107,Eggs
T1107,Butter
T1107,Bread
T1108,Milk
T1109,Rice
T1109,Bread
T1110,Dal
T1110,Eggs
T1110,Butter
T1111,Milk
T1111,Oil
T1111,Eggs
T1112,Oil
T1112,Rice
T1112,Butter
T1112,Sugar
T1113,Dal
T1114,Eggs
T1115,Rice
T1116,Sugar
T1116,Oil
T1117,Dal
T1117,Eggs
T1117,Oil
T1117,Milk
T1118,Bread
T1118,Butter
T1118,Oil
T1119,Dal
T1119,Eggs
T1120,Sugar
T1120,Butter
T1120,Oil
T1120,Rice
T1121,Oil
T1121,Milk
T1121,Bread
T1122,Sugar
T1122,Oil
T1123,Sugar
T1123,Milk
T1123,Oil
T1123,Rice
T1124,Bread
T1124,Sugar
T1124,Rice
T1124,Milk
T1125,Milk
T1125,Sugar
T1126,Bread
T1126,Sugar
T1126,Oil
T1126,Milk
T1127,Butter
T1127,Sugar
T1127,Milk
T1127,Eggs
T1128,Dal
T1128,Butter
T1129,Eggs
T1129,Milk
T1130,Butter
T1130,Rice
T1130,Sugar
T1130,Bread
T1131,Butter
T1132,Oil
T1133,Dal
T1134,Eggs
T1134,Butter
T1135,Milk
T1135,Rice
T1135,Bread
T1136,Eggs
T1137,Dal
T1138,Dal
T1138,Butter
T1138,Sugar
T1139,Butter
T1139,Sugar
T1139,Rice
T1139,Milk
T1140,Bread
T1140,Dal
T1140,Butter
T1141,Milk
T1142,Butter
T1142,Sugar
T1142,Oil
T1143,Eggs
T1143,Oil
T1143,Milk
T1144,Eggs
T1144,Dal
T1144,Milk
T1145,Sugar
T1145,Rice
T1145,Bread
T1145,Butter
T1146,Butter
T1146,Sugar
T1146,Bread
T1146,Rice
T1147,Sugar
T1147,Oil
T1148,Bread
T1148,Dal
T1148,Oil
T1148,Butter
T1149,Butter
T1149,Milk
T1149,Sugar
T1149,Bread
T1150,Bread
T1151,Milk
T1151,Sugar
T1152,Oil
T1152,Milk
T1153,Milk
T1154,Dal
T1154,Oil
T1155,Milk
T1155,Butter
T1155,Dal
T1156,Butter
T1156,Oil
T1156,Rice
T1157,Milk
T1157,Sugar
T1158,Dal
T1158,Oil
T1158,Bread
T1159,Milk
T1159,Butter
T1159,Rice
T1159,Oil
T1160,Rice
T1160,Oil
T1161,Bread
T1161,Butter
T1161,Oil
T1162,Milk
T1162,Dal
T1162,Rice
T1163,Eggs
T1163,Rice
T1164,Oil
T1164,Milk
T1164,Dal
T1165,Rice
T1165,Butter
T1165,Sugar
T1165,Dal
T1166,Oil
T1166,Butter
T1166,Bread
T1166,Eggs
T1167,Bread
T1167,Milk
T1167,Butter
T1168,Eggs
T1168,Bread
T1168,Butter
T1169,Eggs
T1170,Sugar
T1170,Dal
T1170,Bread
T1170,Oil
T1171,Milk
T1172,Milk
T1172,Oil
T1173,Bread
T1173,Rice
T1173,Butter
T1173,Sugar
T1174,Eggs
T1174,Rice
T1174,Butter
T1174,Dal
T1175,Milk
T1175,Dal
T1175,Sugar
T1175,Bread
T1176,Milk
T1176,Eggs
T1176,Rice
T1177,Dal
T1177,Eggs
T1177,Milk
T1178,Rice
T1178,Oil
T1178,Butter
T1178,Eggs
T1179,Dal
T1179,Sugar
T1179,Eggs
T1180,Milk
T1180,Rice
T1180,Oil
T1181,Bread
T1182,Eggs
T1182,Dal
T1182,Butter
T1182,Rice
T1183,Dal
T1183,Milk
T1184,Oil
T1184,Eggs
T1185,Sugar
T1185,Butter
T1185,Rice
T1186,Bread
T1186,Rice
T1186,Milk
T1187,Milk
T1187,Butter
T1188,Dal
T1188,Milk
T1188,Bread
T1189,Sugar
T1189,Butter
T1189,Oil
T1190,Oil
T1191,Butter
T1191,Dal
T1191,Eggs
T1192,Oil
T1192,Milk
T1192,Dal
T1193,Bread
T1193,Butter
T1194,Milk
T1195,Rice
T1195,Eggs
T1196,Rice
T1196,Milk
T1197,Oil
T1198,Milk
T1198,Dal
T1199,Butter
T1199,Bread
T1200,Butter
T1201,Oil
T1201,Milk
T1201,Dal
T1202,Butter
T1202,Bread
T1202,Rice
T1203,Rice
T1203,Eggs
T1203,Butter
T1204,Dal
T1205,Eggs
T1205,Milk
T1205,Rice
T1205,Bread
T1206,Rice
T1207,Bread
T1207,Dal
T1208,Dal
T1208,Butter
T1208,Sugar
T1208,Milk
T1209,Milk
T1209,Dal
T1209,Rice
T1209,Bread
T1210,Oil
T1210,Butter
T1210,Dal
T1210,Eggs
T1211,Rice
T1211,Oil
T1211,Eggs
T1212,Eggs
T1213,Rice
T1213,Oil
T1214,Bread
T1214,Butter
T1214,Rice
T1215,Butter
T1216,Butter
T1216,Eggs
T1216,Milk
T1217,Eggs
T1217,Milk
T1217,Sugar
T1217,Oil
T1218,Oil
T1218,Dal
T1218,Eggs
T1219,Butter
T1219,Bread
T1220,Dal
T1220,Sugar
T1220,Rice
T1221,Sugar
T1221,Eggs
T1221,Oil
T1222,Rice
T1222,Sugar
T1222,Eggs
T1222,Oil
T1223,Sugar
T1223,Bread
T1223,Rice
T1223,Butter
T1224,Rice
T1224,Oil
T1225,Bread
T1226,Oil
T1226,Rice
T1226,Bread
T1226,Milk
T1227,Oil
T1227,Dal
T1227,Rice
T1227,Eggs
T1228,Butter
T1228,Dal
T1228,Rice
T1229,Eggs
T1230,Eggs
T1230,Oil
T1230,Dal
T1231,Dal
T1231,Oil
T1232,Bread
T1232,Butter
T1232,Milk
T1232,Rice
T1233,Sugar
T1233,Butter
T1234,Rice
T1235,Butter
T1236,Rice
T1236,Milk
T1237,Milk
T1238,Rice
T1238,Milk
T1239,Sugar
T1239,Eggs
T1239,Rice
T1239,Dal
T1240,Rice
T1241,Rice
T1242,Eggs
T1242,Milk
T1242,Butter
T1243,Butter
T1244,Bread
T1244,Eggs
T1244,Sugar
T1244,Butter
T1245,Butter
T1246,Milk
T1246,Rice
T1246,Dal
T1247,Butter
T1247,Dal
T1248,Dal
T1248,Milk
T1248,Bread
T1249,Butter
T1249,Milk
T1250,Butter
T1250,Oil
T1251,Rice
T1251,Milk
T1252,Milk
T1252,Eggs
T1252,Butter
T1253,Bread
T1253,Oil
T1254,Oil
T1255,Sugar
T1255,Dal
T1256,Butter
T1256,Eggs
T1256,Sugar
T1257,Rice
T1257,Dal
T1257,Butter
T1257,Sugar
T1258,Oil
T1259,Dal
T1260,Butter
T1260,Rice
T1261,Sugar
T1261,Oil
T1262,Milk
T1263,Sugar
T1263,Eggs
T1264,Dal
T1264,Eggs
T1265,Dal
T1266,Oil
T1266,Eggs
T1266,Dal
T1267,Bread
T1267,Eggs
T1267,Sugar
T1268,Bread
T1268,Sugar
T1269,Rice
T1269,Butter
T1270,Milk
T1270,Bread
T1270,Oil
T1270,Butter
T1271,Eggs
T1271,Milk
T1272,Sugar
T1272,Dal
T1272,Oil
T1273,Milk
T1273,Dal
T1274,Butter
T1274,Sugar
T1274,Dal
T1274,Bread
T1275,Bread
T1276,Bread
T1276,Eggs
T1277,Milk
T1277,Butter
T1277,Oil
T1278,Bread
T1278,Rice
T1279,Oil
T1280,Bread
T1280,Milk
T1280,Butter
T1281,Dal
T1281,Sugar
T1281,Butter
T1282,Butter
T1283,Rice
T1283,Eggs
T1283,Milk
T1283,Bread
T1284,Butter
T1285,Bread
T1286,Eggs
T1286,Milk
T1286,Butter
T1287,Oil
T1288,Butter
T1288,Rice
T1288,Eggs
T1289,Butter
T1289,Rice
T1289,Dal
T1289,Sugar
T1290,Eggs
T1290,Sugar
T1290,Oil
T1290,Rice
T1291,Sugar
T1291,Butter
T1291,Oil
T1291,Eggs
T1292,Oil
T1292,Dal
T1292,Rice
T1292,Sugar
T1293,Butter
T1293,Sugar
T1294,Bread
T1295,Butter
T1295,Dal
T1295,Sugar
T1296,Milk
T1296,Dal
T1297,Rice
T1298,Oil
T1299,Oil
T1299,Rice
T1299,Eggs
T1299,Butter
T1300,Dal
T1300,Milk
T1300,Rice
T1301,Sugar
T1301,Oil
T1301,Milk
T1301,Eggs
T1302,Oil
T1302,Butter
T1303,Rice
T1304,Rice
T1304,Dal
T1304,Bread
T1304,Oil
T1305,Dal
T1305,Rice
T1306,Dal
T1306,Eggs
T1307,Oil
T1307,Rice
T1307,Eggs
T1307,Butter
T1308,Butter
T1308,Sugar
T1309,Butter
T1310,Bread
T1310,Milk
T1311,Bread
T1311,Eggs
T1311,Oil
T1312,Milk
T1312,Dal
T1312,Sugar
T1313,Milk
T1313,Rice
T1314,Oil
T1314,Milk
T1314,Butter
T1315,Milk
T1315,Dal
T1315,Sugar
T1315,Butter
T1316,Butter
T1316,Oil
T1317,Bread
T1317,Milk
T1317,Sugar
T1317,Butter
T1318,Sugar
T1319,Bread
T1320,Sugar
T1321,Oil
T1321,Sugar
T1321,Eggs
T1321,Dal
T1322,Sugar
T1322,Bread
T1323,Oil
T1323,Rice
T1323,Bread
T1323,Butter
T1324,Butter
T1324,Oil
T1324,Milk
T1325,Dal
T1325,Eggs
T1325,Oil
T1325,Butter
T1326,Milk
T1326,Butter
T1326,Sugar
T1326,Rice
T1327,Milk
T1327,Butter
T1327,Sugar
T1328,Eggs
T1328,Butter
T1329,Rice
T1330,Oil
T1330,Milk
T1330,Bread
T1331,Oil
T1331,Rice
T1332,Milk
T1332,Bread
T1333,Bread
T1333,Milk
T1334,Milk
T1334,Dal
T1334,Rice
T1335,Butter
T1336,Bread
T1337,Sugar
T1337,Milk
T1337,Oil
T1338,Butter
T1338,Eggs
T1338,Bread
T1338,Dal
T1339,Eggs
T1339,Dal
T1340,Bread
T1340,Eggs
T1341,Dal
T1341,Rice
T1342,Eggs
T1342,Bread
T1342,Rice
T1342,Milk
T1343,Dal
T1343,Bread
T1343,Eggs
T1343,Milk
T1344,Rice
T1345,Eggs
T1345,Milk
T1345,Dal
T1345,Sugar
T1346,Rice
T1346,Milk
T1346,Eggs
T1347,Dal
T1347,Oil
T1347,Bread
T1347,Milk
T1348,Milk
T1348,Eggs
T1348,Bread
T1348,Butter
T1349,Oil
T1349,Eggs
T1349,Bread
T1350,Bread
T1350,Rice
T1351,Milk
T1352,Butter
T1352,Bread
T1352,Rice
T1353,Oil
T1353,Eggs
T1353,Dal
T1353,Rice
T1354,Oil
T1354,Dal
T1355,Eggs
T1355,Rice
T1355,Sugar
T1355,Dal
T1356,Milk
T1357,Sugar
T1357,Bread
T1357,Milk
T1358,Milk
T1359,Dal
T1359,Rice
T1360,Rice
T1360,Oil
T1360,Bread
T1361,Butter
T1361,Milk
T1361,Eggs
T1362,Oil
T1362,Rice
T1362,Eggs
T1362,Sugar
T1363,Bread
T1363,Dal
T1363,Butter
T1364,Dal
T1365,Bread
T1365,Butter
T1365,Dal
T1365,Oil
T1366,Bread
T1366,Dal
T1367,Oil
T1367,Bread
T1368,Milk
T1369,Sugar
T1369,Dal
T1370,Rice
T1370,Bread
T1370,Dal
T1371,Bread
T1371,Oil
T1372,Sugar
T1373,Milk
T1373,Butter
T1373,Oil
T1373,Eggs
T1374,Rice
T1374,Dal
T1375,Oil
T1375,Butter
T1376,Bread
T1377,Milk
T1377,Bread
T1378,Dal
T1378,Eggs
T1378,Milk
T1379,Butter
T1379,Milk
T1379,Oil
T1380,Bread
T1380,Dal
T1381,Rice
T1381,Sugar
T1382,Oil
T1382,Sugar
T1382,Butter
T1383,Butter
T1383,Sugar
T1384,Rice
T1384,Butter
T1384,Oil
T1385,Butter
T1385,Milk
T1385,Bread
T1385,Eggs
T1386,Oil
T1386,Milk
T1386,Butter
T1387,Butter
T1387,Sugar
T1387,Rice
T1387,Bread
T1388,Bread
T1388,Sugar
T1388,Rice
T1389,Dal
T1389,Sugar
T1389,Rice
T1390,Sugar
T1390,Eggs
T1390,Oil
T1391,Eggs
T1391,Sugar
T1391,Butter
T1391,Bread
T1392,Oil
T1392,Butter
T1392,Sugar
T1392,Rice
T1393,Butter
T1394,Oil
T1394,Sugar
T1394,Eggs
T1395,Bread
T1395,Dal
T1395,Rice
T1395,Sugar
T1396,Rice
T1396,Dal
T1397,Butter
T1397,Eggs
T1397,Dal
T1397,Rice
T1398,Milk
T1398,Eggs
T1398,Sugar
T1399,Sugar
T1400,Sugar
T1401,Eggs
T1401,Bread
T1401,Dal
T1401,Sugar
T1402,Dal
T1402,Eggs
T1402,Oil
T1403,Rice
T1404,Milk
T1405,Dal
T1406,Butter
T1406,Rice
T1406,Bread
T1406,Oil
T1407,Bread
T1407,Milk
T1408,Eggs
T1408,Rice
T1408,Oil
T1409,Butter
T1409,Dal
T1410,Dal
T1410,Bread
T1410,Eggs
T1411,Bread
T1411,Rice
T1411,Milk
T1412,Bread
T1413,Milk
T1414,Oil
T1414,Sugar
T1414,Eggs
T1414,Milk
T1415,Butter
T1415,Rice
T1416,Butter
T1416,Milk
T1416,Dal
T1417,Rice
T1417,Eggs
T1418,Butter
T1418,Milk
T1418,Sugar
T1418,Oil
T1419,Sugar
T1420,Sugar
T1421,Dal
T1421,Bread
T1421,Milk
T1422,Dal
T1422,Butter
T1422,Rice
T1422,Oil
T1423,Rice
T1423,Sugar
T1424,Oil
T1424,Dal
T1425,Oil
T1425,Sugar
T1426,Rice
T1427,Bread
T1427,Eggs
T1428,Milk
T1429,Bread
T1430,Butter
T1431,Milk
T1431,Oil
T1431,Sugar
T1431,Butter
T1432,Oil
T1432,Sugar
T1432,Dal
T1432,Milk
T1433,Oil
T1433,Eggs
T1434,Bread
T1434,Rice
T1435,Sugar
T1435,Rice
T1435,Bread
T1435,Butter
T1436,Oil
T1436,Sugar
T1436,Eggs
T1436,Dal
T1437,Bread
T1437,Dal
T1437,Butter
T1438,Sugar
T1438,Rice
T1439,Rice
T1440,Eggs
T1441,Dal
T1441,Eggs
T1442,Eggs
T1442,Dal
T1442,Sugar
T1442,Butter
T1443,Sugar
T1444,Sugar
T1444,Bread
T1445,Eggs
T1445,Rice
T1445,Oil
T1446,Rice
T1446,Eggs
T1446,Butter
T1447,Milk
T1447,Eggs
T1448,Milk
T1448,Bread
T1448,Rice
T1448,Eggs
T1449,Rice
T1449,Milk
T1450,Dal
T1450,Bread
T1451,Rice
T1451,Oil
T1452,Butter
T1452,Rice
T1452,Eggs
T1453,Sugar
T1454,Eggs
T1455,Eggs
T1455,Milk
T1455,Sugar
T1455,Dal
T1456,Dal
T1456,Eggs
T1456,Butter
T1457,Oil
T1457,Bread
T1458,Oil
T1459,Milk
T1459,Eggs
T1460,Milk
T1460,Rice
T1461,Dal
T1461,Sugar
T1461,Eggs
T1461,Rice
T1462,Milk
T1462,Butter
T1462,Dal
T1462,Rice
T1463,Sugar
T1463,Bread
T1463,Milk
T1464,Rice
T1465,Sugar
T1465,Rice
T1465,Eggs
T1466,Eggs
T1466,Dal
T1466,Oil
T1466,Sugar
T1467,Eggs
T1467,Bread
T1468,Butter
T1468,Dal
T1468,Eggs
T1469,Sugar
T1470,Bread
T1471,Oil
T1471,Eggs
T1471,Butter
T1471,Dal
T1472,Butter
T1472,Rice
T1472,Eggs
T1472,Milk
T1473,Milk
T1473,Oil
T1474,Eggs
T1474,Sugar
T1475,Milk
T1476,Milk
T1477,Bread
T1478,Rice
T1478,Bread
T1478,Oil
T1479,Rice
T1479,Bread
T1479,Eggs
T1480,Milk
T1480,Bread
T1480,Sugar
T1481,Bread
T1481,Milk
T1481,Rice
T1481,Oil
T1482,Bread
T1482,Oil
T1482,Sugar
T1482,Milk
T1483,Rice
T1483,Butter
T1483,Eggs
T1483,Sugar
T1484,Butter
T1484,Oil
T1484,Eggs
T1485,Rice
T1485,Milk
T1486,Butter
T1486,Bread
T1487,Dal
T1488,Butter
T1488,Sugar
T1488,Oil
T1488,Dal
T1489,Eggs
T1489,Bread
T1489,Butter
T1489,Milk
T1490,Oil
T1490,Dal
T1490,Butter
T1491,Rice
T1491,Sugar
T1491,Eggs
T1492,Eggs
T1492,Oil
T1492,Rice
T1493,Oil
T1493,Eggs
T1493,Bread
T1494,Dal
T1494,Rice
T1494,Oil
T1494,Bread
T1495,Bread
T1496,Oil
T1497,Butter
T1497,Dal
T1498,Bread
T1498,Sugar
T1498,Butter
T1499,Bread
T1499,Eggs
T1499,Rice
T1500,Oil
T1500,Eggs
